user_name,protein_name,charge_state,ccs_value,instrument,ims_type,drift_gas,ionization_mode,native_measurement,subunit_count,oligomer_type,uniprot,pdb,sequence,sequence_mass,measured_mass,additional_notes,paper_title,authors,doi,publication_year,journal,entry_date
Ana,Melittin,3,581.0,Waters Synapt,DTIMS,Helium,Positive,Yes,1,,P01501,2MLT,GIGAVLKVLTTGLPALISWIKRKRQQX,2850.0,,Unclear whether the mass is measured or sequence- certainly it doesn't match the mass of the sequence from the pdb id provided.,Traveling‐wave ion mobility mass spectrometry of protein complexes: accurate calibrated collision cross‐sections of human insulin oligomers,"Rune Salbo, Matthew F. Bush, Helle Naver, Iain Campuzano, Carol V. Robinson, Ingrid Pettersson, Thomas J. D. Jørgensen, Kim F. Haselmann",10.1002/rcm.6211,2012,Rapid Communications in Mass Spectrometry,2025-05-27
Ana,Melittin,4,588.0,Waters Synapt,DTIMS,Helium,Positive,Yes,1,,P01501,2MLT,GIGAVLKVLTTGLPALISWIKRKRQQX,2850.0,,Unclear whether the mass is measured or sequence- certainly it doesn't match the mass of the sequence from the pdb id provided.,Traveling‐wave ion mobility mass spectrometry of protein complexes: accurate calibrated collision cross‐sections of human insulin oligomers,"Rune Salbo, Matthew F. Bush, Helle Naver, Iain Campuzano, Carol V. Robinson, Ingrid Pettersson, Thomas J. D. Jørgensen, Kim F. Haselmann",10.1002/rcm.6211,2012,Rapid Communications in Mass Spectrometry,2025-05-27
Ana,Melittin,5,613.0,Waters Synapt,DTIMS,Helium,Positive,Yes,1,,P01501,2MLT,GIGAVLKVLTTGLPALISWIKRKRQQX,2850.0,,Unclear whether the mass is measured or sequence- certainly it doesn't match the mass of the sequence from the pdb id provided.,Traveling‐wave ion mobility mass spectrometry of protein complexes: accurate calibrated collision cross‐sections of human insulin oligomers,"Rune Salbo, Matthew F. Bush, Helle Naver, Iain Campuzano, Carol V. Robinson, Ingrid Pettersson, Thomas J. D. Jørgensen, Kim F. Haselmann",10.1002/rcm.6211,2012,Rapid Communications in Mass Spectrometry,2025-05-27
Ana,Ubiquitin,4,972.0,Waters Synapt,DTIMS,Helium,Positive,Yes,1,,,1UBQ,MQIFVKTLTGKTITLEVEPSDTIENVKAKIQDKEGIPPDQQRLIFAGKQLEDGRTLSDYNIQKESTLHLVLRLRGG,8570.0,,Unclear whether the mass is measured or sequence- certainly it doesn't match the mass of the sequence from the pdb id provided.,Traveling‐wave ion mobility mass spectrometry of protein complexes: accurate calibrated collision cross‐sections of human insulin oligomers,"Rune Salbo, Matthew F. Bush, Helle Naver, Iain Campuzano, Carol V. Robinson, Ingrid Pettersson, Thomas J. D. Jørgensen, Kim F. Haselmann",10.1002/rcm.6211,2012,Rapid Communications in Mass Spectrometry,2025-05-27
Ana,Ubiquitin,5,983.0,Waters Synapt,DTIMS,Helium,Positive,Yes,1,,,1UBQ,MQIFVKTLTGKTITLEVEPSDTIENVKAKIQDKEGIPPDQQRLIFAGKQLEDGRTLSDYNIQKESTLHLVLRLRGG,8570.0,,Unclear whether the mass is measured or sequence- certainly it doesn't match the mass of the sequence from the pdb id provided.,Traveling‐wave ion mobility mass spectrometry of protein complexes: accurate calibrated collision cross‐sections of human insulin oligomers,"Rune Salbo, Matthew F. Bush, Helle Naver, Iain Campuzano, Carol V. Robinson, Ingrid Pettersson, Thomas J. D. Jørgensen, Kim F. Haselmann",10.1002/rcm.6211,2012,Rapid Communications in Mass Spectrometry,2025-05-27
Ana,Ubiquitin,6,1000.0,Waters Synapt,DTIMS,Helium,Positive,Yes,1,,,1UBQ,MQIFVKTLTGKTITLEVEPSDTIENVKAKIQDKEGIPPDQQRLIFAGKQLEDGRTLSDYNIQKESTLHLVLRLRGG,8570.0,,Unclear whether the mass is measured or sequence- certainly it doesn't match the mass of the sequence from the pdb id provided.,Traveling‐wave ion mobility mass spectrometry of protein complexes: accurate calibrated collision cross‐sections of human insulin oligomers,"Rune Salbo, Matthew F. Bush, Helle Naver, Iain Campuzano, Carol V. Robinson, Ingrid Pettersson, Thomas J. D. Jørgensen, Kim F. Haselmann",10.1002/rcm.6211,2012,Rapid Communications in Mass Spectrometry,2025-05-27
Ana,Insulin,3,757.0,Waters Synapt,DTIMS,Helium,Positive,Yes,1,,,1mso,GIVEQCCTSICSLYQLENYCNFVNQHLCGSHLVEALYLVCGERGFFYTPKT,5796.0,,,Traveling‐wave ion mobility mass spectrometry of protein complexes: accurate calibrated collision cross‐sections of human insulin oligomers,"Rune Salbo, Matthew F. Bush, Helle Naver, Iain Campuzano, Carol V. Robinson, Ingrid Pettersson, Thomas J. D. Jørgensen, Kim F. Haselmann",10.1002/rcm.6211,2012,Rapid Communications in Mass Spectrometry,2025-05-27
Ana,Insulin,4,772.0,Waters Synapt,DTIMS,Helium,Positive,Yes,1,,,1mso,GIVEQCCTSICSLYQLENYCNFVNQHLCGSHLVEALYLVCGERGFFYTPKT,5796.0,,,Traveling‐wave ion mobility mass spectrometry of protein complexes: accurate calibrated collision cross‐sections of human insulin oligomers,"Rune Salbo, Matthew F. Bush, Helle Naver, Iain Campuzano, Carol V. Robinson, Ingrid Pettersson, Thomas J. D. Jørgensen, Kim F. Haselmann",10.1002/rcm.6211,2012,Rapid Communications in Mass Spectrometry,2025-05-27
Ana,Insulin,3,760.0,Waters Synapt,TWIMS,Nitrogen,Positive,Yes,1,,,1mso,GIVEQCCTSICSLYQLENYCNFVNQHLCGSHLVEALYLVCGERGFFYTPKT,5796.0,,Synapt G1,Traveling‐wave ion mobility mass spectrometry of protein complexes: accurate calibrated collision cross‐sections of human insulin oligomers,"Rune Salbo, Matthew F. Bush, Helle Naver, Iain Campuzano, Carol V. Robinson, Ingrid Pettersson, Thomas J. D. Jørgensen, Kim F. Haselmann",10.1002/rcm.6211,2012,Rapid Communications in Mass Spectrometry,2025-05-27
Ana,Insulin,4,787.0,Waters Synapt,TWIMS,Nitrogen,Positive,Yes,1,,,1mso,GIVEQCCTSICSLYQLENYCNFVNQHLCGSHLVEALYLVCGERGFFYTPKT,5796.0,,Synapt G1,Traveling‐wave ion mobility mass spectrometry of protein complexes: accurate calibrated collision cross‐sections of human insulin oligomers,"Rune Salbo, Matthew F. Bush, Helle Naver, Iain Campuzano, Carol V. Robinson, Ingrid Pettersson, Thomas J. D. Jørgensen, Kim F. Haselmann",10.1002/rcm.6211,2012,Rapid Communications in Mass Spectrometry,2025-05-27
Ana,Insulin,3,748.0,Waters Synapt,TWIMS,Nitrogen,Positive,Yes,1,,,1mso,GIVEQCCTSICSLYQLENYCNFVNQHLCGSHLVEALYLVCGERGFFYTPKT,5796.0,,Synapt G2,Traveling‐wave ion mobility mass spectrometry of protein complexes: accurate calibrated collision cross‐sections of human insulin oligomers,"Rune Salbo, Matthew F. Bush, Helle Naver, Iain Campuzano, Carol V. Robinson, Ingrid Pettersson, Thomas J. D. Jørgensen, Kim F. Haselmann",10.1002/rcm.6211,2012,Rapid Communications in Mass Spectrometry,2025-05-27
Ana,Insulin,4,786.0,Waters Synapt,TWIMS,Nitrogen,Positive,Yes,1,,,1mso,GIVEQCCTSICSLYQLENYCNFVNQHLCGSHLVEALYLVCGERGFFYTPKT,5796.0,,Synapt G2,Traveling‐wave ion mobility mass spectrometry of protein complexes: accurate calibrated collision cross‐sections of human insulin oligomers,"Rune Salbo, Matthew F. Bush, Helle Naver, Iain Campuzano, Carol V. Robinson, Ingrid Pettersson, Thomas J. D. Jørgensen, Kim F. Haselmann",10.1002/rcm.6211,2012,Rapid Communications in Mass Spectrometry,2025-05-27
Ana,Insulin,5,1260.0,Waters Synapt,DTIMS,Helium,Positive,Yes,2,Homo-oligomer,,1mso,GIVEQCCTSICSLYQLENYCNFVNQHLCGSHLVEALYLVCGERGFFYTPKT:GIVEQCCTSICSLYQLENYCNFVNQHLCGSHLVEALYLVCGERGFFYTPKT,11592.0,,,Traveling‐wave ion mobility mass spectrometry of protein complexes: accurate calibrated collision cross‐sections of human insulin oligomers,"Rune Salbo, Matthew F. Bush, Helle Naver, Iain Campuzano, Carol V. Robinson, Ingrid Pettersson, Thomas J. D. Jørgensen, Kim F. Haselmann",10.1002/rcm.6211,2012,Rapid Communications in Mass Spectrometry,2025-05-27
Ana,Insulin,6,1290.0,Waters Synapt,DTIMS,Helium,Positive,Yes,2,Homo-oligomer,,1mso,GIVEQCCTSICSLYQLENYCNFVNQHLCGSHLVEALYLVCGERGFFYTPKT:GIVEQCCTSICSLYQLENYCNFVNQHLCGSHLVEALYLVCGERGFFYTPKT,11592.0,,,Traveling‐wave ion mobility mass spectrometry of protein complexes: accurate calibrated collision cross‐sections of human insulin oligomers,"Rune Salbo, Matthew F. Bush, Helle Naver, Iain Campuzano, Carol V. Robinson, Ingrid Pettersson, Thomas J. D. Jørgensen, Kim F. Haselmann",10.1002/rcm.6211,2012,Rapid Communications in Mass Spectrometry,2025-05-27
Ana,Insulin,5,1240.0,Waters Synapt,TWIMS,Nitrogen,Positive,Yes,2,Homo-oligomer,,1mso,GIVEQCCTSICSLYQLENYCNFVNQHLCGSHLVEALYLVCGERGFFYTPKT:GIVEQCCTSICSLYQLENYCNFVNQHLCGSHLVEALYLVCGERGFFYTPKT,11592.0,,Synapt G1,Traveling‐wave ion mobility mass spectrometry of protein complexes: accurate calibrated collision cross‐sections of human insulin oligomers,"Rune Salbo, Matthew F. Bush, Helle Naver, Iain Campuzano, Carol V. Robinson, Ingrid Pettersson, Thomas J. D. Jørgensen, Kim F. Haselmann",10.1002/rcm.6211,2012,Rapid Communications in Mass Spectrometry,2025-05-27
Ana,Insulin,6,1279.0,Waters Synapt,TWIMS,Nitrogen,Positive,Yes,2,Homo-oligomer,,1mso,GIVEQCCTSICSLYQLENYCNFVNQHLCGSHLVEALYLVCGERGFFYTPKT:GIVEQCCTSICSLYQLENYCNFVNQHLCGSHLVEALYLVCGERGFFYTPKT,11592.0,,Synapt G1,Traveling‐wave ion mobility mass spectrometry of protein complexes: accurate calibrated collision cross‐sections of human insulin oligomers,"Rune Salbo, Matthew F. Bush, Helle Naver, Iain Campuzano, Carol V. Robinson, Ingrid Pettersson, Thomas J. D. Jørgensen, Kim F. Haselmann",10.1002/rcm.6211,2012,Rapid Communications in Mass Spectrometry,2025-05-27
Ana,Insulin,6,1309.0,Waters Synapt,TWIMS,Nitrogen,Positive,Yes,2,Homo-oligomer,,1mso,GIVEQCCTSICSLYQLENYCNFVNQHLCGSHLVEALYLVCGERGFFYTPKT:GIVEQCCTSICSLYQLENYCNFVNQHLCGSHLVEALYLVCGERGFFYTPKT,11592.0,,Synapt G2,Traveling‐wave ion mobility mass spectrometry of protein complexes: accurate calibrated collision cross‐sections of human insulin oligomers,"Rune Salbo, Matthew F. Bush, Helle Naver, Iain Campuzano, Carol V. Robinson, Ingrid Pettersson, Thomas J. D. Jørgensen, Kim F. Haselmann",10.1002/rcm.6211,2012,Rapid Communications in Mass Spectrometry,2025-05-27
Ana,Insulin,9,2240.0,Waters Synapt,DTIMS,Helium,Positive,Yes,6,Homo-oligomer,,1mso,GIVEQCCTSICSLYQLENYCNFVNQHLCGSHLVEALYLVCGERGFFYTPKT:GIVEQCCTSICSLYQLENYCNFVNQHLCGSHLVEALYLVCGERGFFYTPKT:GIVEQCCTSICSLYQLENYCNFVNQHLCGSHLVEALYLVCGERGFFYTPKT:GIVEQCCTSICSLYQLENYCNFVNQHLCGSHLVEALYLVCGERGFFYTPKT:GIVEQCCTSICSLYQLENYCNFVNQHLCGSHLVEALYLVCGERGFFYTPKT:GIVEQCCTSICSLYQLENYCNFVNQHLCGSHLVEALYLVCGERGFFYTPKT,34776.0,,,Traveling‐wave ion mobility mass spectrometry of protein complexes: accurate calibrated collision cross‐sections of human insulin oligomers,"Rune Salbo, Matthew F. Bush, Helle Naver, Iain Campuzano, Carol V. Robinson, Ingrid Pettersson, Thomas J. D. Jørgensen, Kim F. Haselmann",10.1002/rcm.6211,2012,Rapid Communications in Mass Spectrometry,2025-05-27
Ana,Insulin,10,2430.0,Waters Synapt,DTIMS,Helium,Positive,Yes,6,Homo-oligomer,,1mso,GIVEQCCTSICSLYQLENYCNFVNQHLCGSHLVEALYLVCGERGFFYTPKT:GIVEQCCTSICSLYQLENYCNFVNQHLCGSHLVEALYLVCGERGFFYTPKT:GIVEQCCTSICSLYQLENYCNFVNQHLCGSHLVEALYLVCGERGFFYTPKT:GIVEQCCTSICSLYQLENYCNFVNQHLCGSHLVEALYLVCGERGFFYTPKT:GIVEQCCTSICSLYQLENYCNFVNQHLCGSHLVEALYLVCGERGFFYTPKT:GIVEQCCTSICSLYQLENYCNFVNQHLCGSHLVEALYLVCGERGFFYTPKT,34776.0,,,Traveling‐wave ion mobility mass spectrometry of protein complexes: accurate calibrated collision cross‐sections of human insulin oligomers,"Rune Salbo, Matthew F. Bush, Helle Naver, Iain Campuzano, Carol V. Robinson, Ingrid Pettersson, Thomas J. D. Jørgensen, Kim F. Haselmann",10.1002/rcm.6211,2012,Rapid Communications in Mass Spectrometry,2025-05-27
Ana,Insulin,11,2440.0,Waters Synapt,DTIMS,Helium,Positive,Yes,6,Homo-oligomer,,1mso,GIVEQCCTSICSLYQLENYCNFVNQHLCGSHLVEALYLVCGERGFFYTPKT:GIVEQCCTSICSLYQLENYCNFVNQHLCGSHLVEALYLVCGERGFFYTPKT:GIVEQCCTSICSLYQLENYCNFVNQHLCGSHLVEALYLVCGERGFFYTPKT:GIVEQCCTSICSLYQLENYCNFVNQHLCGSHLVEALYLVCGERGFFYTPKT:GIVEQCCTSICSLYQLENYCNFVNQHLCGSHLVEALYLVCGERGFFYTPKT:GIVEQCCTSICSLYQLENYCNFVNQHLCGSHLVEALYLVCGERGFFYTPKT,34776.0,,,Traveling‐wave ion mobility mass spectrometry of protein complexes: accurate calibrated collision cross‐sections of human insulin oligomers,"Rune Salbo, Matthew F. Bush, Helle Naver, Iain Campuzano, Carol V. Robinson, Ingrid Pettersson, Thomas J. D. Jørgensen, Kim F. Haselmann",10.1002/rcm.6211,2012,Rapid Communications in Mass Spectrometry,2025-05-27
Ana,Insulin,9,2417.0,Waters Synapt,TWIMS,Nitrogen,Positive,Yes,6,Homo-oligomer,,1mso,GIVEQCCTSICSLYQLENYCNFVNQHLCGSHLVEALYLVCGERGFFYTPKT:GIVEQCCTSICSLYQLENYCNFVNQHLCGSHLVEALYLVCGERGFFYTPKT:GIVEQCCTSICSLYQLENYCNFVNQHLCGSHLVEALYLVCGERGFFYTPKT:GIVEQCCTSICSLYQLENYCNFVNQHLCGSHLVEALYLVCGERGFFYTPKT:GIVEQCCTSICSLYQLENYCNFVNQHLCGSHLVEALYLVCGERGFFYTPKT:GIVEQCCTSICSLYQLENYCNFVNQHLCGSHLVEALYLVCGERGFFYTPKT,34776.0,,Synapt G1,Traveling‐wave ion mobility mass spectrometry of protein complexes: accurate calibrated collision cross‐sections of human insulin oligomers,"Rune Salbo, Matthew F. Bush, Helle Naver, Iain Campuzano, Carol V. Robinson, Ingrid Pettersson, Thomas J. D. Jørgensen, Kim F. Haselmann",10.1002/rcm.6211,2012,Rapid Communications in Mass Spectrometry,2025-05-27
Ana,Insulin,10,2399.0,Waters Synapt,TWIMS,Nitrogen,Positive,Yes,6,Homo-oligomer,,1mso,GIVEQCCTSICSLYQLENYCNFVNQHLCGSHLVEALYLVCGERGFFYTPKT:GIVEQCCTSICSLYQLENYCNFVNQHLCGSHLVEALYLVCGERGFFYTPKT:GIVEQCCTSICSLYQLENYCNFVNQHLCGSHLVEALYLVCGERGFFYTPKT:GIVEQCCTSICSLYQLENYCNFVNQHLCGSHLVEALYLVCGERGFFYTPKT:GIVEQCCTSICSLYQLENYCNFVNQHLCGSHLVEALYLVCGERGFFYTPKT:GIVEQCCTSICSLYQLENYCNFVNQHLCGSHLVEALYLVCGERGFFYTPKT,34776.0,,Synapt G1,Traveling‐wave ion mobility mass spectrometry of protein complexes: accurate calibrated collision cross‐sections of human insulin oligomers,"Rune Salbo, Matthew F. Bush, Helle Naver, Iain Campuzano, Carol V. Robinson, Ingrid Pettersson, Thomas J. D. Jørgensen, Kim F. Haselmann",10.1002/rcm.6211,2012,Rapid Communications in Mass Spectrometry,2025-05-27
Ana,Insulin,11,2396.0,Waters Synapt,TWIMS,Nitrogen,Positive,Yes,6,Homo-oligomer,,1mso,GIVEQCCTSICSLYQLENYCNFVNQHLCGSHLVEALYLVCGERGFFYTPKT:GIVEQCCTSICSLYQLENYCNFVNQHLCGSHLVEALYLVCGERGFFYTPKT:GIVEQCCTSICSLYQLENYCNFVNQHLCGSHLVEALYLVCGERGFFYTPKT:GIVEQCCTSICSLYQLENYCNFVNQHLCGSHLVEALYLVCGERGFFYTPKT:GIVEQCCTSICSLYQLENYCNFVNQHLCGSHLVEALYLVCGERGFFYTPKT:GIVEQCCTSICSLYQLENYCNFVNQHLCGSHLVEALYLVCGERGFFYTPKT,34776.0,,Synapt G1,Traveling‐wave ion mobility mass spectrometry of protein complexes: accurate calibrated collision cross‐sections of human insulin oligomers,"Rune Salbo, Matthew F. Bush, Helle Naver, Iain Campuzano, Carol V. Robinson, Ingrid Pettersson, Thomas J. D. Jørgensen, Kim F. Haselmann",10.1002/rcm.6211,2012,Rapid Communications in Mass Spectrometry,2025-05-27
Ana,Insulin,9,2434.0,Waters Synapt,TWIMS,Nitrogen,Positive,Yes,6,Homo-oligomer,,1mso,GIVEQCCTSICSLYQLENYCNFVNQHLCGSHLVEALYLVCGERGFFYTPKT:GIVEQCCTSICSLYQLENYCNFVNQHLCGSHLVEALYLVCGERGFFYTPKT:GIVEQCCTSICSLYQLENYCNFVNQHLCGSHLVEALYLVCGERGFFYTPKT:GIVEQCCTSICSLYQLENYCNFVNQHLCGSHLVEALYLVCGERGFFYTPKT:GIVEQCCTSICSLYQLENYCNFVNQHLCGSHLVEALYLVCGERGFFYTPKT:GIVEQCCTSICSLYQLENYCNFVNQHLCGSHLVEALYLVCGERGFFYTPKT,34776.0,,Synapt G2,Traveling‐wave ion mobility mass spectrometry of protein complexes: accurate calibrated collision cross‐sections of human insulin oligomers,"Rune Salbo, Matthew F. Bush, Helle Naver, Iain Campuzano, Carol V. Robinson, Ingrid Pettersson, Thomas J. D. Jørgensen, Kim F. Haselmann",10.1002/rcm.6211,2012,Rapid Communications in Mass Spectrometry,2025-05-27
Ana,Insulin,10,2402.0,Waters Synapt,TWIMS,Nitrogen,Positive,Yes,6,Homo-oligomer,,1mso,GIVEQCCTSICSLYQLENYCNFVNQHLCGSHLVEALYLVCGERGFFYTPKT:GIVEQCCTSICSLYQLENYCNFVNQHLCGSHLVEALYLVCGERGFFYTPKT:GIVEQCCTSICSLYQLENYCNFVNQHLCGSHLVEALYLVCGERGFFYTPKT:GIVEQCCTSICSLYQLENYCNFVNQHLCGSHLVEALYLVCGERGFFYTPKT:GIVEQCCTSICSLYQLENYCNFVNQHLCGSHLVEALYLVCGERGFFYTPKT:GIVEQCCTSICSLYQLENYCNFVNQHLCGSHLVEALYLVCGERGFFYTPKT,34776.0,,Synapt G2,Traveling‐wave ion mobility mass spectrometry of protein complexes: accurate calibrated collision cross‐sections of human insulin oligomers,"Rune Salbo, Matthew F. Bush, Helle Naver, Iain Campuzano, Carol V. Robinson, Ingrid Pettersson, Thomas J. D. Jørgensen, Kim F. Haselmann",10.1002/rcm.6211,2012,Rapid Communications in Mass Spectrometry,2025-05-27
Ana,Insulin,11,2449.0,Waters Synapt,TWIMS,Nitrogen,Positive,Yes,6,Homo-oligomer,,1mso,GIVEQCCTSICSLYQLENYCNFVNQHLCGSHLVEALYLVCGERGFFYTPKT:GIVEQCCTSICSLYQLENYCNFVNQHLCGSHLVEALYLVCGERGFFYTPKT:GIVEQCCTSICSLYQLENYCNFVNQHLCGSHLVEALYLVCGERGFFYTPKT:GIVEQCCTSICSLYQLENYCNFVNQHLCGSHLVEALYLVCGERGFFYTPKT:GIVEQCCTSICSLYQLENYCNFVNQHLCGSHLVEALYLVCGERGFFYTPKT:GIVEQCCTSICSLYQLENYCNFVNQHLCGSHLVEALYLVCGERGFFYTPKT,34776.0,,Synapt G2,Traveling‐wave ion mobility mass spectrometry of protein complexes: accurate calibrated collision cross‐sections of human insulin oligomers,"Rune Salbo, Matthew F. Bush, Helle Naver, Iain Campuzano, Carol V. Robinson, Ingrid Pettersson, Thomas J. D. Jørgensen, Kim F. Haselmann",10.1002/rcm.6211,2012,Rapid Communications in Mass Spectrometry,2025-05-27
